rank,design,mean_plddt,ptm,ranking_score
1,design_22,92.64,0.92,0.930
2,design_45,92.62,0.92,0.930
3,design_40,92.46,0.92,0.930
4,design_92,92.43,0.92,0.930
5,design_60,92.43,0.92,0.930
6,design_54,92.33,0.92,0.920
7,design_53,92.33,0.92,0.930
8,design_18,92.32,0.92,0.930
9,design_61,92.27,0.92,0.930
10,design_27,92.24,0.92,0.930
11,design_34,92.15,0.92,0.930
12,design_06,92.13,0.92,0.920
13,design_07,92.10,0.92,0.930
14,design_74,92.06,0.92,0.930
15,design_56,92.03,0.92,0.930
16,design_08,92.02,0.92,0.930
17,design_68,91.99,0.92,0.920
18,design_30,91.97,0.92,0.930
19,design_37,91.93,0.91,0.930
20,design_51,91.93,0.92,0.930
21,design_81,91.91,0.92,0.930
22,design_42,91.89,0.91,0.920
23,design_44,91.89,0.92,0.930
24,design_85,91.89,0.91,0.920
25,design_71,91.89,0.91,0.920
26,design_19,91.84,0.92,0.930
27,design_79,91.82,0.91,0.920
28,design_24,91.77,0.92,0.930
29,design_69,91.77,0.92,0.930
30,design_48,91.73,0.91,0.920
31,design_66,91.72,0.91,0.920
32,design_88,91.69,0.91,0.920
33,design_41,91.64,0.92,0.930
34,design_78,91.62,0.91,0.920
35,design_25,91.59,0.92,0.930
36,design_84,91.55,0.91,0.930
37,design_10,91.53,0.91,0.920
38,design_67,91.51,0.91,0.920
39,design_70,91.51,0.91,0.920
40,design_91,91.50,0.91,0.930
41,design_59,91.48,0.92,0.930
42,design_87,91.47,0.91,0.920
43,design_39,91.43,0.91,0.920
44,design_55,91.42,0.91,0.920
45,design_82,91.38,0.91,0.920
46,design_86,91.37,0.91,0.920
47,design_38,91.37,0.91,0.910
48,design_80,91.36,0.92,0.920
49,design_02,91.31,0.91,0.920
50,design_72,91.30,0.91,0.920
51,design_31,91.30,0.91,0.920
52,design_17,91.30,0.91,0.920
53,design_05,91.29,0.91,0.910
54,design_09,91.27,0.91,0.920
55,design_01,91.22,0.91,0.920
56,design_13,91.21,0.91,0.920
57,design_46,91.15,0.91,0.910
58,design_15,91.10,0.91,0.920
59,design_04,91.07,0.91,0.920
60,design_32,91.04,0.90,0.910
61,design_76,91.01,0.91,0.920
62,design_90,90.93,0.91,0.910
63,design_14,90.90,0.91,0.920
64,design_52,90.88,0.90,0.920
65,design_03,90.88,0.91,0.920
66,design_50,90.87,0.91,0.920
67,design_11,90.82,0.90,0.910
68,design_21,90.82,0.90,0.910
69,design_12,90.79,0.90,0.920
70,design_23,90.78,0.91,0.920
71,design_43,90.72,0.91,0.920
72,design_36,90.67,0.90,0.920
73,design_47,90.65,0.89,0.910
74,design_65,90.65,0.90,0.910
75,design_89,90.64,0.91,0.920
76,design_77,90.59,0.90,0.910
77,design_83,90.57,0.91,0.920
78,design_20,90.55,0.90,0.910
79,design_57,90.45,0.91,0.920
80,design_16,90.44,0.91,0.920
81,design_26,90.41,0.91,0.910
82,design_49,90.05,0.90,0.910
83,design_35,90.00,0.91,0.920
84,design_63,89.93,0.91,0.920
85,design_33,89.77,0.91,0.920
86,design_64,89.67,0.90,0.910
87,design_29,89.65,0.90,0.920
88,design_75,88.67,0.89,0.900
89,design_73,88.31,0.89,0.900
90,design_28,87.34,0.89,0.910
91,design_58,87.24,0.90,0.910
92,design_62,87.23,0.90,0.910
